{
    "height": 480,
    "width": 640,
    "K": [
        617.7254638671875,
        0.0,
        318.7444763183594,
        0.0,
        618.0332641601562,
        247.52622985839844,
        0.0,
        0.0,
        1.0
    ],
    "distortion_model": "plumb_bob",
    "D": [
        0.0,
        0.0,
        0.0,
        0.0,
        0.0
    ],
    "fps": 14.529348458888496
}